V1,V2
D1939,TRUE
D0733,TRUE
D1636,TRUE
D0606,TRUE
D2112,TRUE
D0723,TRUE
D2006,TRUE
D2540,TRUE
D2168,TRUE
D1382,TRUE
D1754,TRUE
D1942,TRUE
D1424,TRUE
D1182,TRUE
D1421,TRUE
D1784,TRUE
D2333,TRUE
D0790,TRUE
D2549,TRUE
D1378,TRUE
D2668,TRUE
D1539,TRUE
D1763,TRUE
D0837,TRUE
D2181,TRUE
D1857,TRUE
D2793,TRUE
D0946,TRUE
D2538,TRUE
D0989,TRUE
D2480,TRUE
D0139,TRUE
D1926,TRUE
D2951,TRUE
D2126,TRUE
D0860,TRUE
D0104,TRUE
D0318,TRUE
D0286,TRUE
D2837,TRUE
D0174,TRUE
D2815,TRUE
D1033,TRUE
D0958,TRUE
D1331,TRUE
D1165,TRUE
D1014,TRUE
D2468,TRUE
D2209,TRUE
D0256,TRUE
D2238,TRUE
D1289,TRUE
D2216,TRUE
D2282,TRUE
D0696,TRUE
D2990,TRUE
D1418,TRUE
D0539,TRUE
D0138,TRUE
D1613,TRUE
D2613,TRUE
D2512,TRUE
D1000,TRUE
D1381,TRUE
D0170,TRUE
D1856,TRUE
D2566,TRUE
D1517,TRUE
D1170,TRUE
D1839,TRUE
D1445,TRUE
D0252,TRUE
D0123,TRUE
D0178,TRUE
D0108,TRUE
D0664,TRUE
D1988,TRUE
D0950,TRUE
D1017,TRUE
D1471,TRUE
D0661,TRUE
D0297,TRUE
D0718,TRUE
D1846,TRUE
D1578,TRUE
D1346,TRUE
D2868,TRUE
D1038,TRUE
D2903,TRUE
D2063,TRUE
D0434,TRUE
D2318,TRUE
D0038,TRUE
D2134,TRUE
D1141,TRUE
D2907,TRUE
D1794,TRUE
D1501,TRUE
D0465,TRUE
D1350,TRUE
D2166,TRUE
D0747,TRUE
D1162,TRUE
D0918,TRUE
D0944,TRUE
D1725,TRUE
D0542,TRUE
D2933,TRUE
D1915,TRUE
D0319,TRUE
D1711,TRUE
D0406,TRUE
D2937,TRUE
D2625,TRUE
D0685,TRUE
D1089,TRUE
D1243,TRUE
D2918,TRUE
D0888,TRUE
D2464,TRUE
D2838,TRUE
D1406,TRUE
D1500,TRUE
D2082,TRUE
D2309,TRUE
D0246,TRUE
D1023,TRUE
D0523,TRUE
D1746,TRUE
D2472,TRUE
D2646,TRUE
D0411,TRUE
D2881,TRUE
D2514,TRUE
D2372,TRUE
D2671,TRUE
D1260,TRUE
D2074,TRUE
D1110,TRUE
D1573,TRUE
D0798,TRUE
D1739,TRUE
D1073,TRUE
D0754,TRUE
D1936,TRUE
D1174,TRUE
D0214,TRUE
D1399,TRUE
D1400,TRUE
D1338,TRUE
D0592,TRUE
D2143,TRUE
D2062,TRUE
D0784,TRUE
D2991,TRUE
D0925,TRUE
D1835,TRUE
D1100,TRUE
D1838,TRUE
D2507,TRUE
D1709,TRUE
D1782,TRUE
D0415,TRUE
D0791,TRUE
D2744,TRUE
D2662,TRUE
D1083,TRUE
D1717,TRUE
D1429,TRUE
D0722,TRUE
D2663,TRUE
D0129,TRUE
D0971,TRUE
D1178,TRUE
D0464,TRUE
D2265,TRUE
D1428,TRUE
D2046,TRUE
D2039,TRUE
D1050,TRUE
D2552,TRUE
D0403,TRUE
D2755,TRUE
D2941,TRUE
D2854,TRUE
D0152,TRUE
D1391,TRUE
D2440,TRUE
D2643,TRUE
D1923,TRUE
D2967,TRUE
D1549,TRUE
D1450,TRUE
D1768,TRUE
D2526,TRUE
D0087,TRUE
D0768,TRUE
D2356,TRUE
D0085,TRUE
D1799,TRUE
D2587,TRUE
D1228,TRUE
D1911,TRUE
D0807,TRUE
D2391,TRUE
D1145,TRUE
D1707,TRUE
D0532,TRUE
D2841,TRUE
D0657,TRUE
D0055,TRUE
D1186,TRUE
D2681,TRUE
D2732,TRUE
D1666,TRUE
D0910,TRUE
D1168,TRUE
D1891,TRUE
D2116,TRUE
D2922,TRUE
D0585,TRUE
D2106,TRUE
D1416,TRUE
D2987,TRUE
D1660,TRUE
D2494,TRUE
D2127,TRUE
D2686,TRUE
D0270,TRUE
D1585,TRUE
D0131,TRUE
D1556,TRUE
D0813,TRUE
D2124,TRUE
D0374,TRUE
D0220,TRUE
D0506,TRUE
D2687,TRUE
D0235,TRUE
D0515,TRUE
D2199,TRUE
D0084,TRUE
D0554,TRUE
D0874,TRUE
D0287,TRUE
D1689,TRUE
D0662,TRUE
D1669,TRUE
D2414,TRUE
D0639,TRUE
D2054,TRUE
D0992,TRUE
D0655,TRUE
D1263,TRUE
D2869,TRUE
D1120,TRUE
D1546,TRUE
D0097,TRUE
D0795,TRUE
D0132,TRUE
D1195,TRUE
D2314,TRUE
D2057,TRUE
D1969,TRUE
D2917,TRUE
D0025,TRUE
D1415,TRUE
D2602,TRUE
D1034,TRUE
D2163,TRUE
D0117,TRUE
D1314,TRUE
D2242,TRUE
D2999,TRUE
D0588,TRUE
D2119,TRUE
D1795,TRUE
D2690,TRUE
D1370,TRUE
D2284,TRUE
D2664,TRUE
D0435,TRUE
D1808,TRUE
D1778,TRUE
D0263,TRUE
D0943,TRUE
D1422,TRUE
D1635,TRUE
D1274,TRUE
D0130,TRUE
D1775,TRUE
D1629,TRUE
D1887,TRUE
D1302,TRUE
D0914,TRUE
D0151,TRUE
D2330,TRUE
D0921,TRUE
D2066,TRUE
D0395,TRUE
D0291,TRUE
D0428,TRUE
D1737,TRUE
D2844,TRUE
D2027,TRUE
D0217,TRUE
D0203,TRUE
D1990,TRUE
D0418,TRUE
D0370,TRUE
D2765,TRUE
D0889,TRUE
D2408,TRUE
D1006,TRUE
D0973,TRUE
D3000,TRUE
D1661,TRUE
D1341,TRUE
D2368,TRUE
D2849,TRUE
D2008,TRUE
D0266,TRUE
D0393,TRUE
D2988,TRUE
D1719,TRUE
D0849,TRUE
D0250,TRUE
D1801,TRUE
D1837,TRUE
D1929,TRUE
D2254,TRUE
D0643,TRUE
D1896,TRUE
D2043,TRUE
D1870,TRUE
D0103,TRUE
D2149,TRUE
D0008,TRUE
D2628,TRUE
D0096,TRUE
D2496,TRUE
D2972,TRUE
D0623,TRUE
D2878,TRUE
D2315,TRUE
D1481,TRUE
D1762,TRUE
D1871,TRUE
D1354,TRUE
D0590,TRUE
D1967,TRUE
D2581,TRUE
D2424,TRUE
D1466,TRUE
D2563,TRUE
D1329,TRUE
D0967,TRUE
D2078,TRUE
D0803,TRUE
D1555,TRUE
D1692,TRUE
D1203,TRUE
D1143,TRUE
D2186,TRUE
D1535,TRUE
D2235,TRUE
D1183,TRUE
D1624,TRUE
D2374,TRUE
D2874,TRUE
D2791,TRUE
D2344,TRUE
D1118,TRUE
D2033,TRUE
D2969,TRUE
D1138,TRUE
D2475,TRUE
D1229,TRUE
D2925,TRUE
D2430,TRUE
D2515,TRUE
D1833,TRUE
D2278,TRUE
D2210,TRUE
D0703,TRUE
D0824,TRUE
D2819,TRUE
D2942,TRUE
D2489,TRUE
D2050,TRUE
D1664,TRUE
D1747,TRUE
D1349,TRUE
D1554,TRUE
D0353,TRUE
D0529,TRUE
D0709,TRUE
D2007,TRUE
D2839,TRUE
D0417,TRUE
D0626,TRUE
D2651,TRUE
D1405,TRUE
D1580,TRUE
D0254,TRUE
D2979,TRUE
D0330,TRUE
D1237,TRUE
D0158,TRUE
D1583,TRUE
D1483,TRUE
D2380,TRUE
D0486,TRUE
D0179,TRUE
D2805,TRUE
D0302,TRUE
D0023,TRUE
D2153,TRUE
D1982,TRUE
D2331,TRUE
D1453,TRUE
D2443,TRUE
D2390,TRUE
D1323,TRUE
D0956,TRUE
D0548,TRUE
D2685,TRUE
D0126,TRUE
D2786,TRUE
D0379,TRUE
D2156,TRUE
D1152,TRUE
D2019,TRUE
D0549,TRUE
D1733,TRUE
D2123,TRUE
D0053,TRUE
D0598,TRUE
D2818,TRUE
D0771,TRUE
D2880,TRUE
D0767,TRUE
D0899,TRUE
D1443,TRUE
D0204,TRUE
D1701,TRUE
D0071,TRUE
D1192,TRUE
D1052,TRUE
D2739,TRUE
D2984,TRUE
D2948,TRUE
D0926,TRUE
D0080,TRUE
D0118,TRUE
D1563,TRUE
D2867,TRUE
D0292,TRUE
D0838,TRUE
D1367,TRUE
D0773,TRUE
D1287,TRUE
D2768,TRUE
D0522,TRUE
D1925,TRUE
D1590,TRUE
D2435,TRUE
D1010,TRUE
D1384,TRUE
D1440,TRUE
D2325,TRUE
D0600,TRUE
D0056,TRUE
D1677,TRUE
D1108,TRUE
D0482,TRUE
D0586,TRUE
D2798,TRUE
D1158,TRUE
D2722,TRUE
D0524,TRUE
D1510,TRUE
D0865,TRUE
D0188,TRUE
D2045,TRUE
D1885,TRUE
D1508,TRUE
D0497,TRUE
D0028,TRUE
D1380,TRUE
D0349,TRUE
D2394,TRUE
D2568,TRUE
D1512,TRUE
D1859,TRUE
D0407,TRUE
D1098,TRUE
D2243,TRUE
D1044,TRUE
D0468,TRUE
D2985,TRUE
D1394,TRUE
D0212,TRUE
D1748,TRUE
D1916,TRUE
D2659,TRUE
D2155,TRUE
D0934,TRUE
D0557,TRUE
D0949,TRUE
D1115,TRUE
D1779,TRUE
D1646,TRUE
D1060,TRUE
D2495,TRUE
D1843,TRUE
D0996,TRUE
D2539,TRUE
D0528,TRUE
D0257,TRUE
D1736,TRUE
D2619,TRUE
D1978,TRUE
D2742,TRUE
D0912,TRUE
D1318,TRUE
D1787,TRUE
D0042,TRUE
D0908,TRUE
D1255,TRUE
D0654,TRUE
D0695,TRUE
D1617,TRUE
D1434,TRUE
D0444,TRUE
D1134,TRUE
D1359,TRUE
D2128,TRUE
D0858,TRUE
D1343,TRUE
D2395,TRUE
D0966,TRUE
D2894,TRUE
D2118,TRUE
D2803,TRUE
D2467,TRUE
D0381,TRUE
D1175,TRUE
D1881,TRUE
D2022,TRUE
D1802,TRUE
D1068,TRUE
D1452,TRUE
D1390,TRUE
D0355,TRUE
D1188,TRUE
D1066,TRUE
D2266,TRUE
D1804,TRUE
D0628,TRUE
D0562,TRUE
D2018,TRUE
D0144,TRUE
D0234,TRUE
D0299,TRUE
D2047,TRUE
D2290,TRUE
D1308,TRUE
D1081,TRUE
D1620,TRUE
D1726,TRUE
D0004,TRUE
D1531,TRUE
D2487,TRUE
D2695,TRUE
D2307,TRUE
D0078,TRUE
D2111,TRUE
D0423,TRUE
D2701,TRUE
D2029,TRUE
D0416,TRUE
D2670,TRUE
D1009,TRUE
D0911,TRUE
D0005,TRUE
D1894,TRUE
D2335,TRUE
D1230,TRUE
D0100,TRUE
D1126,TRUE
D0697,TRUE
D1651,TRUE
D1534,TRUE
D0328,TRUE
D1304,TRUE
D1884,TRUE
D1150,TRUE
D0452,TRUE
D1486,TRUE
D1140,TRUE
D2615,TRUE
D1720,TRUE
D2088,TRUE
D1730,TRUE
D2461,TRUE
D1484,TRUE
D1851,TRUE
D0312,TRUE
D0715,TRUE
D0728,TRUE
D2201,TRUE
D1425,TRUE
D2476,TRUE
D0831,TRUE
D0504,TRUE
D2655,TRUE
D1842,TRUE
D2103,TRUE
D1498,TRUE
D2513,TRUE
D0059,TRUE
D0109,TRUE
D1234,TRUE
D2975,TRUE
D2889,TRUE
D1845,TRUE
D2081,TRUE
D2749,TRUE
D0724,TRUE
D1173,TRUE
D0159,TRUE
D1829,TRUE
D1619,TRUE
D0519,TRUE
D2345,TRUE
D2764,TRUE
D1151,TRUE
D0951,TRUE
D0206,TRUE
D2187,TRUE
D1750,TRUE
D1864,TRUE
D2052,TRUE
D0892,TRUE
D0855,TRUE
D1694,TRUE
D1226,TRUE
D2121,TRUE
D1412,TRUE
D0833,TRUE
D2546,TRUE
D0273,TRUE
D2857,TRUE
D2016,TRUE
D1463,TRUE
D0994,TRUE
D0081,TRUE
D0774,TRUE
D0983,TRUE
D1196,TRUE
D0736,TRUE
D0262,TRUE
D2955,TRUE
D2696,TRUE
D1961,TRUE
D0259,TRUE
D1780,TRUE
D0640,TRUE
D1817,TRUE
D1981,TRUE
D1918,TRUE
D1246,TRUE
D1979,TRUE
D1448,TRUE
D0711,TRUE
D1649,TRUE
D0555,TRUE
D1803,TRUE
D0676,TRUE
D1670,TRUE
D2269,TRUE
D2829,TRUE
D0653,TRUE
D1732,TRUE
D2667,TRUE
D0451,TRUE
D2654,TRUE
D2442,TRUE
D1683,TRUE
D0753,TRUE
D0306,TRUE
D1395,TRUE
D2660,TRUE
D1883,TRUE
D2642,TRUE
D2324,TRUE
D0054,TRUE
D0734,TRUE
D1522,TRUE
D2207,TRUE
D2251,TRUE
D1708,TRUE
D1095,TRUE
D2237,TRUE
D1518,TRUE
D2785,TRUE
D2010,TRUE
D2343,TRUE
D1197,TRUE
D1593,TRUE
D1999,TRUE
D2600,TRUE
D2306,TRUE
D1807,TRUE
D2846,TRUE
D1166,TRUE
D2949,TRUE
D2441,TRUE
D0502,TRUE
D1868,TRUE
D2885,TRUE
D0605,TRUE
D0413,TRUE
D2888,TRUE
D1509,TRUE
D1836,TRUE
D2902,TRUE
D1632,TRUE
D0731,TRUE
D0165,TRUE
D1124,TRUE
D1455,TRUE
D1970,TRUE
D2203,TRUE
D1566,TRUE
D1320,TRUE
D2756,TRUE
D2807,TRUE
D2833,TRUE
D0558,TRUE
D0543,TRUE
D2958,TRUE
D2652,TRUE
D1734,TRUE
D2705,TRUE
D2550,TRUE
D0070,TRUE
D1974,TRUE
D1602,TRUE
D2713,TRUE
D0647,TRUE
D0358,TRUE
D0938,TRUE
D0470,TRUE
D0587,TRUE
D2743,TRUE
D2415,TRUE
D2028,TRUE
D1996,TRUE
D2177,TRUE
D2527,TRUE
D1298,TRUE
D0285,TRUE
D1679,TRUE
D0365,TRUE
D2504,TRUE
D2204,TRUE
D2169,TRUE
D2763,TRUE
D0750,TRUE
D2796,TRUE
D2449,TRUE
D2883,TRUE
D2012,TRUE
D0893,TRUE
D1250,TRUE
D1185,TRUE
D2706,TRUE
D2439,TRUE
D0546,TRUE
D1125,TRUE
D2571,TRUE
D0029,TRUE
D2896,TRUE
D0572,TRUE
D1618,TRUE
D2970,TRUE
D2639,TRUE
D0680,TRUE
D1409,TRUE
D2171,TRUE
D1878,TRUE
D2692,TRUE
D1699,TRUE
D1791,TRUE
D1743,TRUE
D1965,TRUE
D2245,TRUE
D1278,TRUE
D2420,TRUE
D1598,TRUE
D1924,TRUE
D0941,TRUE
D1571,TRUE
D2248,TRUE
D2084,TRUE
D1061,TRUE
D0541,TRUE
D0094,TRUE
D0233,TRUE
D1685,TRUE
D1533,TRUE
D1163,TRUE
D0974,TRUE
D0993,TRUE
D0226,TRUE
D1938,TRUE
D0976,TRUE
D0669,TRUE
D1135,TRUE
D1211,TRUE
D0303,TRUE
D0290,TRUE
D2090,TRUE
D1520,TRUE
D0369,TRUE
D2263,TRUE
D1311,TRUE
D1656,TRUE
D0540,TRUE
D1439,TRUE
D2759,TRUE
D2725,TRUE
D1328,TRUE
D1254,TRUE
D1575,TRUE
D2458,TRUE
D0177,TRUE
D1899,TRUE
D2247,TRUE
D0438,TRUE
D0361,TRUE
D0375,TRUE
D1696,TRUE
D2537,TRUE
D1272,TRUE
D0706,TRUE
D0110,TRUE
D0761,TRUE
D2530,TRUE
D2213,TRUE
D0072,TRUE
D2276,TRUE
D2682,TRUE
D1030,TRUE
D1757,TRUE
D1271,TRUE
D2718,TRUE
D1876,TRUE
D2170,TRUE
D1460,TRUE
D1454,TRUE
D1337,TRUE
D1995,TRUE
D2589,TRUE
D2140,TRUE
D1591,TRUE
D1814,TRUE
D0851,TRUE
D0561,TRUE
D1288,TRUE
D2605,TRUE
D1766,TRUE
D0321,TRUE
D2262,TRUE
D1682,TRUE
D0035,TRUE
D2656,TRUE
D1036,TRUE
D1702,TRUE
D1821,TRUE
D0236,TRUE
D0033,TRUE
D0806,TRUE
D1652,TRUE
D1306,TRUE
D0678,TRUE
D2578,TRUE
D1713,TRUE
D2704,TRUE
D0107,TRUE
D0115,TRUE
D2401,TRUE
D2910,TRUE
D2101,TRUE
D1524,TRUE
D0360,TRUE
D0870,TRUE
D1710,TRUE
D0645,FALSE
D1751,FALSE
D2580,FALSE
D2716,FALSE
D1854,FALSE
D0327,FALSE
D1704,FALSE
D0300,FALSE
D0742,FALSE
D0887,FALSE
D2196,FALSE
D0942,FALSE
D2734,FALSE
D1673,FALSE
D0493,FALSE
D1285,FALSE
D1022,FALSE
D2239,FALSE
D1946,FALSE
D1473,FALSE
D1070,FALSE
D1811,FALSE
D2827,FALSE
D1111,FALSE
D2425,FALSE
D1740,FALSE
D0536,FALSE
D0907,FALSE
D1943,FALSE
D2679,FALSE
D2961,FALSE
D1968,FALSE
D2013,FALSE
D0825,FALSE
D2669,FALSE
D0363,FALSE
D1407,FALSE
D2208,FALSE
D0424,FALSE
D2246,FALSE
D2370,FALSE
D2161,FALSE
D1944,FALSE
D2364,FALSE
D1874,FALSE
D0114,FALSE
D2253,FALSE
D0741,FALSE
D1858,FALSE
D1303,FALSE
D1344,FALSE
D1373,FALSE
D1198,FALSE
D0553,FALSE
D0239,FALSE
D2044,FALSE
D1388,FALSE
D0514,FALSE
D2989,FALSE
D1975,FALSE
D1641,FALSE
D0472,FALSE
D2226,FALSE
D1123,FALSE
D1633,FALSE
D2572,FALSE
D2524,FALSE
D2893,FALSE
D1091,FALSE
D1396,FALSE
D0016,FALSE
D0631,FALSE
D2346,FALSE
D2577,FALSE
D0019,FALSE
D2009,FALSE
D2058,FALSE
D1882,FALSE
D1348,FALSE
D0684,FALSE
D2901,FALSE
D2794,FALSE
D2002,FALSE
D2799,FALSE
D2036,FALSE
D1327,FALSE
D0714,FALSE
D1472,FALSE
D1352,FALSE
D0183,FALSE
D0106,FALSE
D0119,FALSE
D2409,FALSE
D2631,FALSE
D1025,FALSE
D2295,FALSE
D2708,FALSE
D0311,FALSE
D2416,FALSE
D0569,FALSE
D0498,FALSE
D0763,FALSE
D1930,FALSE
D1002,FALSE
D1096,FALSE
D1793,FALSE
D0627,FALSE
D0260,FALSE
D2215,FALSE
D2176,FALSE
D0745,FALSE
D2518,FALSE
D2086,FALSE
D2197,FALSE
D1587,FALSE
D1667,FALSE
D1592,FALSE
D0380,FALSE
D0698,FALSE
D2528,FALSE
D0202,FALSE
D0258,FALSE
D0284,FALSE
D0822,FALSE
D1830,FALSE
D1071,FALSE
D1800,FALSE
D2519,FALSE
D1242,FALSE
D1177,FALSE
D0897,FALSE
D2959,FALSE
D2721,FALSE
D1361,FALSE
D0991,FALSE
D1336,FALSE
D0295,FALSE
D2014,FALSE
D2636,FALSE
D1582,FALSE
D0615,FALSE
D2562,FALSE
D0098,FALSE
D1426,FALSE
D1630,FALSE
D2711,FALSE
D1292,FALSE
D0702,FALSE
D2422,FALSE
D2223,FALSE
D0815,FALSE
D2541,FALSE
D0630,FALSE
D1705,FALSE
D1903,FALSE
D2710,FALSE
D2771,FALSE
D0362,FALSE
D0156,FALSE
D0047,FALSE
D1487,FALSE
D0691,FALSE
D2847,FALSE
D2946,FALSE
D2162,FALSE
D0550,FALSE
D1511,FALSE
D1955,FALSE
D2122,FALSE
D0456,FALSE
D1523,FALSE
D2377,FALSE
D0882,FALSE
D2446,FALSE
D2319,FALSE
D2629,FALSE
D1526,FALSE
D0001,FALSE
D0076,FALSE
D1016,FALSE
D1693,FALSE
D1214,FALSE
D2520,FALSE
D1822,FALSE
D1094,FALSE
D0749,FALSE
D0316,FALSE
D1993,FALSE
D1220,FALSE
D0611,FALSE
D2072,FALSE
D0483,FALSE
D0603,FALSE
D1236,FALSE
D2256,FALSE
D0516,FALSE
D2676,FALSE
D1092,FALSE
D0163,FALSE
D2135,FALSE
D1536,FALSE
D0215,FALSE
D1805,FALSE
D1436,FALSE
D2723,FALSE
D2523,FALSE
D1919,FALSE
D1714,FALSE
D1313,FALSE
D2607,FALSE
D0924,FALSE
D2747,FALSE
D0567,FALSE
D0963,FALSE
D1992,FALSE
D1634,FALSE
D2554,FALSE
D0386,FALSE
D1231,FALSE
D0155,FALSE
D1601,FALSE
D0127,FALSE
D0342,FALSE
D2783,FALSE
D2575,FALSE
D0570,FALSE
D0923,FALSE
D0332,FALSE
D1640,FALSE
D2814,FALSE
D2697,FALSE
D1642,FALSE
D1909,FALSE
D1991,FALSE
D0376,FALSE
D0902,FALSE
D2553,FALSE
D2293,FALSE
D1404,FALSE
D1504,FALSE
D2092,FALSE
D1849,FALSE
D0933,FALSE
D2753,FALSE
D2923,FALSE
D1245,FALSE
D2154,FALSE
D1997,FALSE
D2904,FALSE
D0121,FALSE
D2693,FALSE
D2585,FALSE
D2856,FALSE
D1490,FALSE
D1004,FALSE
D0901,FALSE
D1866,FALSE
D1681,FALSE
D1156,FALSE
D0036,FALSE
D1265,FALSE
D2311,FALSE
D0390,FALSE
D0168,FALSE
D2000,FALSE
D2912,FALSE
D1729,FALSE
D1934,FALSE
D1662,FALSE
D2635,FALSE
D0034,FALSE
D0847,FALSE
D1264,FALSE
D1210,FALSE
D0609,FALSE
D2505,FALSE
D2953,FALSE
D0276,FALSE
D2329,FALSE
D1741,FALSE
D1902,FALSE
D1960,FALSE
D1401,FALSE
D2462,FALSE
D0189,FALSE
D1129,FALSE
D2593,FALSE
D2559,FALSE
D1449,FALSE
D2622,FALSE
D2926,FALSE
D0850,FALSE
D0176,FALSE
D1983,FALSE
D0414,FALSE
D0095,FALSE
D0408,FALSE
D2104,FALSE
D2784,FALSE
D0182,FALSE
D2816,FALSE
D1055,FALSE
D2349,FALSE
D2302,FALSE
D1075,FALSE
D1031,FALSE
D0700,FALSE
D0501,FALSE
D0786,FALSE
D1947,FALSE
D0778,FALSE
D2810,FALSE
D0137,FALSE
D2483,FALSE
D2952,FALSE
D0708,FALSE
D1386,FALSE
D2557,FALSE
D0249,FALSE
D1544,FALSE
D1159,FALSE
D2185,FALSE
D1576,FALSE
D1039,FALSE
D1570,FALSE
D2051,FALSE
D2473,FALSE
D0565,FALSE
D1430,FALSE
D1928,FALSE
D2117,FALSE
D0491,FALSE
D0712,FALSE
D1927,FALSE
D1948,FALSE
D1040,FALSE
D0977,FALSE
D2350,FALSE
D1356,FALSE
D0272,FALSE
D2145,FALSE
D1608,FALSE
D1053,FALSE
D0185,FALSE
D0622,FALSE
D1442,FALSE
D0191,FALSE
D1225,FALSE
D0455,FALSE
D2229,FALSE
D2633,FALSE
D2089,FALSE
D2924,FALSE
D1680,FALSE
D0421,FALSE
D2411,FALSE
D0443,FALSE
D2353,FALSE
D2432,FALSE
D2973,FALSE
D1402,FALSE
D1084,FALSE
D2650,FALSE
D0687,FALSE
D2751,FALSE
D1831,FALSE
D2471,FALSE
D2383,FALSE
D2525,FALSE
D2305,FALSE
D0538,FALSE
D2939,FALSE
D0677,FALSE
D2595,FALSE
D0743,FALSE
D2521,FALSE
D2003,FALSE
D1206,FALSE
D1216,FALSE
D1543,FALSE
D1616,FALSE
D0614,FALSE
D0840,FALSE
D0802,FALSE
D2601,FALSE
D0333,FALSE
D0984,FALSE
D0143,FALSE
D1806,FALSE
D0147,FALSE
D2648,FALSE
D1028,FALSE
D2547,FALSE
D0026,FALSE
D2936,FALSE
D2658,FALSE
D0854,FALSE
D2590,FALSE
D1117,FALSE
D0268,FALSE
D0617,FALSE
D2136,FALSE
D2474,FALSE
D2944,FALSE
D0535,FALSE
D2094,FALSE
D0463,FALSE
D0277,FALSE
D1886,FALSE
D2826,FALSE
D1213,FALSE
D2065,FALSE
D2674,FALSE
D1600,FALSE
D0190,FALSE
D1276,FALSE
D0896,FALSE
D1861,FALSE
D2484,FALSE
D1266,FALSE
D2100,FALSE
D2544,FALSE
D0175,FALSE
D2250,FALSE
D2567,FALSE
D0573,FALSE
D1200,FALSE
D0762,FALSE
D0596,FALSE
D2421,FALSE
D1745,FALSE
D2790,FALSE
D2897,FALSE
D2182,FALSE
D0173,FALSE
D1248,FALSE
D0931,FALSE
D2877,FALSE
D2222,FALSE
D2001,FALSE
D2757,FALSE
D1082,FALSE
D0445,FALSE
D0453,FALSE
D0521,FALSE
D1008,FALSE
D1241,FALSE
D1305,FALSE
D1514,FALSE
D0205,FALSE
D2453,FALSE
D2479,FALSE
D0135,FALSE
D2653,FALSE
D0219,FALSE
D2107,FALSE
D1142,FALSE
D1148,FALSE
D1674,FALSE
D1973,FALSE
D1427,FALSE
D0975,FALSE
D0794,FALSE
D2832,FALSE
D0751,FALSE
D0186,FALSE
D0927,FALSE
D0153,FALSE
D1559,FALSE
D0245,FALSE
D2316,FALSE
D1376,FALSE
D2978,FALSE
D1131,FALSE
D2782,FALSE
D2233,FALSE
D0196,FALSE
D2097,FALSE
D2328,FALSE
D0534,FALSE
D0629,FALSE
D2071,FALSE
D2825,FALSE
D1548,FALSE
D2797,FALSE
D2555,FALSE
D2675,FALSE
D1233,FALSE
D1603,FALSE
D0814,FALSE
D2792,FALSE
D2808,FALSE
D0512,FALSE
D1161,FALSE
D1258,FALSE
D0017,FALSE
D1106,FALSE
D2371,FALSE
D2824,FALSE
D2232,FALSE
D2339,FALSE
D2873,FALSE
D1194,FALSE
D1494,FALSE
D2570,FALSE
D0209,FALSE
D1764,FALSE
D2144,FALSE
D1672,FALSE
D1279,FALSE
D1191,FALSE
D1209,FALSE
D2288,FALSE
D0111,FALSE
D1759,FALSE
D0739,FALSE
D1321,FALSE
D0915,FALSE
D0576,FALSE
D1728,FALSE
D0079,FALSE
D2434,FALSE
D0475,FALSE
D2240,FALSE
D2180,FALSE
D2876,FALSE
D1235,FALSE
D2822,FALSE
D0612,FALSE
D2688,FALSE
D1889,FALSE
D0091,FALSE
D2729,FALSE
D0995,FALSE
D1294,FALSE
D0065,FALSE
D1493,FALSE
D0832,FALSE
D2777,FALSE
D2626,FALSE
D1826,FALSE
D1119,FALSE
D0210,FALSE
D0637,FALSE
D1519,FALSE
D2820,FALSE
D0979,FALSE
D0692,FALSE
D2565,FALSE
D0425,FALSE
D0485,FALSE
D2378,FALSE
D1964,FALSE
D1411,FALSE
D1290,FALSE
D0150,FALSE
D1722,FALSE
D1513,FALSE
D0563,FALSE
D0982,FALSE
D1368,FALSE
D0216,FALSE
D1086,FALSE
D1041,FALSE
D0916,FALSE
D0128,FALSE
D0157,FALSE
D1072,FALSE
D2272,FALSE
D1584,FALSE
D1169,FALSE
D2911,FALSE
D1013,FALSE
D2348,FALSE
D2915,FALSE
D0766,FALSE
D0307,FALSE
D0919,FALSE
D0660,FALSE
D2234,FALSE
D0315,FALSE
D0962,FALSE
D1605,FALSE
D2218,FALSE
D0566,FALSE
D0658,FALSE
D1659,FALSE
D1267,FALSE
D1286,FALSE
D2592,FALSE
D0442,FALSE
D0180,FALSE
D0939,FALSE
D0619,FALSE
D2202,FALSE
D2360,FALSE
D2403,FALSE
D0717,FALSE
D0140,FALSE
D1752,FALSE
D0280,FALSE
D0804,FALSE
D1113,FALSE
D1467,FALSE
D0420,FALSE
D2322,FALSE
D1820,FALSE
D0192,FALSE
D1914,FALSE
D2895,FALSE
D0990,FALSE
D0499,FALSE
D0785,FALSE
D1579,FALSE
D2776,FALSE
D2865,FALSE
D1064,FALSE
D2766,FALSE
D0810,FALSE
D0686,FALSE
D1767,FALSE
D1788,FALSE
D2702,FALSE
D1088,FALSE
D2365,FALSE
D1080,FALSE
D0015,FALSE
D2928,FALSE
D2610,FALSE
D0430,FALSE
D2398,FALSE
D0507,FALSE
D2812,FALSE
D1470,FALSE
D0769,FALSE
D0782,FALSE
D0748,FALSE
D0397,FALSE
D0801,FALSE
D1389,FALSE
D2673,FALSE
D0842,FALSE
D1193,FALSE
D0937,FALSE
D2497,FALSE
D1417,FALSE
D1638,FALSE
D2963,FALSE
D1959,FALSE
D2502,FALSE
D0125,FALSE
D0641,FALSE
D2886,FALSE
D2780,FALSE
D0169,FALSE
D2800,FALSE
D2596,FALSE
D0607,FALSE
D0936,FALSE
D2138,FALSE
D2048,FALSE
D0232,FALSE
D0969,FALSE
D0261,FALSE
D2249,FALSE
D0659,FALSE
D0579,FALSE
D2188,FALSE
D0298,FALSE
D2073,FALSE
D1879,FALSE
D0279,FALSE
D2490,FALSE
D1862,FALSE
D2418,FALSE
D2831,FALSE
D2452,FALSE
D2638,FALSE
D2500,FALSE
D2172,FALSE
D2855,FALSE
D1413,FALSE
D1675,FALSE
D1239,FALSE
D0737,FALSE
D0469,FALSE
D0075,FALSE
D1457,FALSE
D0340,FALSE
D2735,FALSE
D2388,FALSE
D0672,FALSE
D0331,FALSE
D2788,FALSE
D0187,FALSE
D2303,FALSE
D0880,FALSE
D0799,FALSE
D1998,FALSE
D1796,FALSE
D0384,FALSE
D2285,FALSE
D2728,FALSE
D1155,FALSE
D0402,FALSE
D2612,FALSE
D1408,FALSE
D0759,FALSE
D0429,FALSE
D2021,FALSE
D0513,FALSE
D2192,FALSE
D1280,FALSE
D0642,FALSE
D2313,FALSE
D0325,FALSE
D2993,FALSE
D0633,FALSE
D1723,FALSE
D0829,FALSE
D0101,FALSE
D0194,FALSE
D2194,FALSE
D1966,FALSE
D2620,FALSE
D1136,FALSE
D1676,FALSE
D1212,FALSE
D1369,FALSE
D1698,FALSE
D2850,FALSE
D0481,FALSE
D1776,FALSE
D2986,FALSE
D1877,FALSE
D1847,FALSE
D2532,FALSE
D1626,FALSE
D1128,FALSE
D2137,FALSE
D0405,FALSE
D1127,FALSE
D2821,FALSE
D1149,FALSE
D1251,FALSE
D2225,FALSE
D0037,FALSE
D0433,FALSE
D2661,FALSE
D1521,FALSE
D2130,FALSE
D1790,FALSE
D0207,FALSE
D1688,FALSE
D2300,FALSE
D1812,FALSE
D0310,FALSE
D1379,FALSE
D1326,FALSE
D0960,FALSE
D1026,FALSE
D0476,FALSE
D2738,FALSE
D0591,FALSE
D1637,FALSE
D2485,FALSE
D0162,FALSE
D0334,FALSE
D1623,FALSE
D1043,FALSE
D2198,FALSE
D2456,FALSE
D1056,FALSE
D2510,FALSE
D1612,FALSE
D1189,FALSE
D2748,FALSE
D1054,FALSE
D0454,FALSE
D2308,FALSE
D0613,FALSE
D2604,FALSE
D2055,FALSE
D2677,FALSE
D2034,FALSE
D0720,FALSE
D2444,FALSE
D2068,FALSE
D1755,FALSE
D1199,FALSE
D1834,FALSE
D2930,FALSE
D2919,FALSE
D1301,FALSE
D0050,FALSE
D2709,FALSE
D2983,FALSE
D0947,FALSE
D0683,FALSE
D2966,FALSE
D0040,FALSE
D0289,FALSE
D0776,FALSE
D1625,FALSE
D1420,FALSE
D2666,FALSE
D0487,FALSE
D1631,FALSE
D1309,FALSE
D1393,FALSE
D1654,FALSE
D0348,FALSE
D1063,FALSE
D0387,FALSE
D1860,FALSE
D2091,FALSE
D0834,FALSE
D0836,FALSE
D2017,FALSE
D0852,FALSE
D0634,FALSE
D2113,FALSE
D2499,FALSE
D2406,FALSE
D2410,FALSE
D2301,FALSE
D0760,FALSE
D0930,FALSE
D2767,FALSE
D1297,FALSE
D1232,FALSE
D0727,FALSE
D1604,FALSE
D2352,FALSE
D0401,FALSE
D2684,FALSE
D2836,FALSE
D2433,FALSE
D0781,FALSE
D2159,FALSE
D0589,FALSE
D2727,FALSE
D2737,FALSE
D1827,FALSE
D1495,FALSE
D0404,FALSE
D0024,FALSE
D2726,FALSE
D0335,FALSE
D1247,FALSE
D1818,FALSE
D1461,FALSE
D2781,FALSE
D1771,FALSE
D1703,FALSE
D2341,FALSE
D1277,FALSE
D2769,FALSE
D1184,FALSE
D0808,FALSE
D2717,FALSE
D2672,FALSE
D0308,FALSE
D0006,FALSE
D2892,FALSE
D0043,FALSE
D2369,FALSE
D2099,FALSE
D0699,FALSE
D1596,FALSE
D0826,FALSE
D0077,FALSE
D0608,FALSE
D2588,FALSE
D1468,FALSE
D0399,FALSE
D0446,FALSE
D1489,FALSE
D1976,FALSE
D0283,FALSE
D0544,FALSE
D2813,FALSE
D0394,FALSE
D1774,FALSE
D1933,FALSE
D0845,FALSE
D1003,FALSE
D1852,FALSE
D2730,FALSE
D0346,FALSE
D2393,FALSE
D0788,FALSE
D0477,FALSE
D0652,FALSE
D0343,FALSE
D0450,FALSE
D1721,FALSE
D0320,FALSE
D2189,FALSE
D0367,FALSE
D2509,FALSE
D1867,FALSE
D1423,FALSE
D0449,FALSE
D0326,FALSE
D0632,FALSE
D1051,FALSE
D0873,FALSE
D2338,FALSE
D0869,FALSE
D0530,FALSE
D0221,FALSE
D1621,FALSE
D2531,FALSE
D2606,FALSE
D0305,FALSE
D0479,FALSE
D0304,FALSE
D1045,FALSE
D2270,FALSE
D0231,FALSE
D0352,FALSE
D0003,FALSE
D0987,FALSE
D2423,FALSE
D1581,FALSE
D1261,FALSE
D1922,FALSE
D1456,FALSE
D2321,FALSE
D0531,FALSE
D1690,FALSE
D2426,FALSE
D1607,FALSE
D1491,FALSE
D1655,FALSE
D0213,FALSE
D0466,FALSE
D0593,FALSE
D0373,FALSE
D0729,FALSE
D0116,FALSE
D1157,FALSE
D0670,FALSE
D1529,FALSE
D2962,FALSE
D1021,FALSE
D0730,FALSE
D0811,FALSE
D1459,FALSE
D1547,FALSE
D0844,FALSE
D1477,FALSE
D2147,FALSE
D1956,FALSE
D1940,FALSE
D0920,FALSE
D2564,FALSE
D0437,FALSE
D2244,FALSE
D0195,FALSE
D1609,FALSE
D0812,FALSE
D0124,FALSE
D0857,FALSE
D2392,FALSE
D0843,FALSE
D2899,FALSE
D0086,FALSE
D2956,FALSE
D2576,FALSE
D2220,FALSE
D2438,FALSE
D1532,FALSE
D1875,FALSE
D1357,FALSE
D2848,FALSE
D1284,FALSE
D0099,FALSE
D1018,FALSE
D0650,FALSE
D1363,FALSE
D1262,FALSE
D1480,FALSE
D1438,FALSE
D0058,FALSE
D2382,FALSE
D1076,FALSE
D1144,FALSE
D2152,FALSE
D0018,FALSE
D2056,FALSE
D0494,FALSE
D2980,FALSE
D1299,FALSE
D2230,FALSE
D1953,FALSE
D1465,FALSE
D1823,FALSE
D1932,FALSE
D2561,FALSE
D0673,FALSE
D0338,FALSE
D1435,FALSE
D1586,FALSE
D1058,FALSE
D2976,FALSE
D1841,FALSE
D2863,FALSE
D2486,FALSE
D2221,FALSE
D2025,FALSE
D1087,FALSE
D0578,FALSE
D2492,FALSE
D2011,FALSE
D2375,FALSE
D1281,FALSE
D0229,FALSE
D0965,FALSE
D2950,FALSE
D2974,FALSE
D2273,FALSE
D0867,FALSE
D0635,FALSE
D1270,FALSE
D1785,FALSE
D1222,FALSE
D0890,FALSE
D2804,FALSE
D0909,FALSE
D1895,FALSE
D0954,FALSE
D1259,FALSE
D1527,FALSE
D0775,FALSE
D0719,FALSE
D1253,FALSE
D1029,FALSE
D2212,FALSE
D0199,FALSE
D1358,FALSE
D0757,FALSE
D2351,FALSE
D1645,FALSE
D1291,FALSE
D0823,FALSE
D1316,FALSE
D0671,FALSE
D0372,FALSE
D0039,FALSE
D2573,FALSE
D2020,FALSE
D2898,FALSE
D0620,FALSE
D1385,FALSE
D0517,FALSE
D1765,FALSE
D0461,FALSE
D1749,FALSE
D0197,FALSE
D0471,FALSE
D1153,FALSE
D0959,FALSE
D1019,FALSE
D1207,FALSE
D2429,FALSE
D2413,FALSE
D2954,FALSE
D1181,FALSE
D2075,FALSE
D1114,FALSE
D0167,FALSE
D2491,FALSE
D2699,FALSE
D2517,FALSE
D1333,FALSE
D2294,FALSE
D2811,FALSE
D0533,FALSE
D0665,FALSE
D2261,FALSE
D1516,FALSE
D1238,FALSE
D2754,FALSE
D2508,FALSE
D2982,FALSE
D0253,FALSE
D0575,FALSE
D2281,FALSE
D0710,FALSE
D0864,FALSE
D0133,FALSE
D0856,FALSE
D2280,FALSE
D0436,FALSE
D1770,FALSE
D1840,FALSE
D2621,FALSE
D1032,FALSE
D0193,FALSE
D0952,FALSE
D2279,FALSE
D0484,FALSE
D0547,FALSE
D0863,FALSE
D1557,FALSE
D1502,FALSE
D1735,FALSE
D1542,FALSE
D1577,FALSE
D0900,FALSE
D0509,FALSE
D2437,FALSE
D0031,FALSE
D2694,FALSE
D1772,FALSE
D0274,FALSE
D0060,FALSE
D0198,FALSE
D1610,FALSE
D2268,FALSE
D1954,FALSE
D2287,FALSE
D1048,FALSE
D2618,FALSE
D2772,FALSE
D2945,FALSE
D0527,FALSE
D0725,FALSE
D2862,FALSE
D2190,FALSE
D0064,FALSE
D1478,FALSE
D1731,FALSE
D2773,FALSE
D2070,FALSE
D0241,FALSE
D0738,FALSE
D1330,FALSE
D0009,FALSE
D1154,FALSE
D2214,FALSE
D1383,FALSE
D0520,FALSE
D0552,FALSE
D2498,FALSE
D1904,FALSE
D1069,FALSE
D2059,FALSE
D2920,FALSE
D1268,FALSE
D2921,FALSE
D2299,FALSE
D0545,FALSE
D1789,FALSE
D2823,FALSE
D0366,FALSE
D0932,FALSE
D0265,FALSE
D0510,FALSE
D1528,FALSE
D2362,FALSE
D0957,FALSE
D2228,FALSE
D0248,FALSE
D1410,FALSE
D0336,FALSE
D1691,FALSE
D0329,FALSE
D2770,FALSE
D0341,FALSE
D1167,FALSE
D2277,FALSE
D1097,FALSE
D0200,FALSE
D1657,FALSE
D2644,FALSE
D1718,FALSE
D1545,FALSE
D2173,FALSE
D0294,FALSE
D0359,FALSE
D1310,FALSE
D0746,FALSE
D2795,FALSE
D2996,FALSE
D2400,FALSE
D1431,FALSE
D1825,FALSE
D0090,FALSE
D0049,FALSE
D0478,FALSE
D2342,FALSE
D2501,FALSE
D0818,FALSE
D1325,FALSE
D2373,FALSE
D2405,FALSE
D1027,FALSE
D0244,FALSE
D0876,FALSE
D1753,FALSE
D1684,FALSE
D2386,FALSE
D1872,FALSE
D1139,FALSE
D0765,FALSE
D2460,FALSE
D1828,FALSE
D2943,FALSE
D2448,FALSE
D0160,FALSE
D1190,FALSE
D1469,FALSE
D2712,FALSE
D1564,FALSE
D1307,FALSE
D0281,FALSE
D1900,FALSE
D2060,FALSE
D0264,FALSE
D2645,FALSE
D2125,FALSE
D0208,FALSE
D1783,FALSE
D0980,FALSE
D1240,FALSE
D2752,FALSE
D1781,FALSE
D2217,FALSE
D1950,FALSE
D1105,FALSE
D1561,FALSE
D0439,FALSE
D0356,FALSE
D2965,FALSE
D0427,FALSE
D2384,FALSE
D1815,FALSE
D2260,FALSE
D2583,FALSE
D0690,FALSE
D1221,FALSE
D0062,FALSE
D2597,FALSE
D0066,FALSE
D2637,FALSE
D1907,FALSE
D2632,FALSE
D2083,FALSE
D0083,FALSE
D0057,FALSE
D2032,FALSE
D0480,FALSE
D1873,FALSE
D2801,FALSE
D0068,FALSE
D1322,FALSE
D0638,FALSE
D1001,FALSE
D2357,FALSE
D2292,FALSE
D1488,FALSE
D1340,FALSE
D2080,FALSE
D0986,FALSE
D0805,FALSE
D1433,FALSE
D2960,FALSE
D1296,FALSE
D1462,FALSE
D2680,FALSE
D1560,FALSE
D0074,FALSE
D1179,FALSE
D2459,FALSE
D2142,FALSE
D0012,FALSE
D0069,FALSE
D2327,FALSE
D0201,FALSE
D1112,FALSE
D2465,FALSE
D1217,FALSE
D0732,FALSE
D0211,FALSE
D0744,FALSE
D0351,FALSE
D1334,FALSE
D0758,FALSE
D0345,FALSE
D0755,FALSE
D0113,FALSE
D1065,FALSE
D2977,FALSE
D2843,FALSE
D2389,FALSE
D1715,FALSE
D2884,FALSE
D2023,FALSE
D0682,FALSE
D2758,FALSE
D2454,FALSE
D2148,FALSE
D0238,FALSE
D0102,FALSE
D1985,FALSE
D0903,FALSE
D2241,FALSE
D2387,FALSE
D0878,FALSE
D1568,FALSE
D1756,FALSE
D2133,FALSE
D0242,FALSE
D2649,FALSE
D0797,FALSE
D0820,FALSE
D2720,FALSE
D1686,FALSE
D2087,FALSE
D2634,FALSE
D1716,FALSE
D0701,FALSE
D0830,FALSE
D0225,FALSE
D0458,FALSE
D0251,FALSE
D2157,FALSE
D0955,FALSE
D0537,FALSE
D1901,FALSE
D0770,FALSE
D2534,FALSE
D2150,FALSE
D0580,FALSE
D0222,FALSE
D2835,FALSE
D2614,FALSE
D2179,FALSE
D0518,FALSE
D2845,FALSE
D1541,FALSE
D0621,FALSE
D0410,FALSE
D1984,FALSE
D2731,FALSE
D1205,FALSE
D2340,FALSE
D0313,FALSE
D1351,FALSE
D1574,FALSE
D2231,FALSE
D0396,FALSE
D2853,FALSE
D2906,FALSE
D0296,FALSE
D0604,FALSE
D1945,FALSE
D2830,FALSE
D0917,FALSE
D1905,FALSE
D0288,FALSE
D1958,FALSE
D1499,FALSE
D2733,FALSE
D1952,FALSE
D2451,FALSE
D2998,FALSE
D0559,FALSE
D1525,FALSE
D0681,FALSE
D0877,FALSE
D2477,FALSE
D1464,FALSE
D0693,FALSE
D2724,FALSE
D2191,FALSE
D1738,FALSE
D2366,FALSE
D2381,FALSE
D0726,FALSE
D1015,FALSE
D1994,FALSE
D0616,FALSE
D0839,FALSE
D2296,FALSE
D0716,FALSE
D0142,FALSE
D2623,FALSE
D2914,FALSE
D0462,FALSE
D0230,FALSE
D2586,FALSE
D1447,FALSE
D0756,FALSE
D0817,FALSE
D1848,FALSE
D0905,FALSE
D2206,FALSE
D1869,FALSE
D0964,FALSE
D2363,FALSE
D0985,FALSE
D0583,FALSE
D2417,FALSE
D2114,FALSE
D2890,FALSE
D1176,FALSE
D2049,FALSE
D0999,FALSE
D0928,FALSE
D1744,FALSE
D1458,FALSE
D0161,FALSE
D0564,FALSE
D2457,FALSE
D2560,FALSE
D2026,FALSE
D2861,FALSE
D1300,FALSE
D0610,FALSE
D2193,FALSE
D2466,FALSE
D0422,FALSE
D1962,FALSE
D0793,FALSE
D0382,FALSE
D0388,FALSE
D2488,FALSE
D2067,FALSE
D0496,FALSE
D0045,FALSE
D0063,FALSE
D1137,FALSE
D1074,FALSE
D2981,FALSE
D0474,FALSE
D0164,FALSE
D1244,FALSE
D0841,FALSE
D2616,FALSE
D2879,FALSE
D2957,FALSE
D2882,FALSE
D1441,FALSE
D1437,FALSE
D1035,FALSE
D2407,FALSE
D2450,FALSE
D1446,FALSE
D2267,FALSE
D2219,FALSE
D0624,FALSE
D0051,FALSE
D1364,FALSE
D2864,FALSE
D2095,FALSE
D0525,FALSE
D1551,FALSE
D0105,FALSE
D0780,FALSE
D1062,FALSE
D1949,FALSE
D0981,FALSE
D2037,FALSE
D1335,FALSE
D0871,FALSE
D0044,FALSE
D1863,FALSE
D1865,FALSE
D0041,FALSE
D2691,FALSE
D1146,FALSE
D2927,FALSE
D2640,FALSE
D0972,FALSE
D1957,FALSE
D2076,FALSE
D1893,FALSE
D0243,FALSE
D0940,FALSE
D1130,FALSE
D2098,FALSE
D2096,FALSE
D0503,FALSE
D0668,FALSE
D0350,FALSE
D0789,FALSE
D0337,FALSE
D2556,FALSE
D2859,FALSE
D2455,FALSE
D2354,FALSE
D0648,FALSE
D1986,FALSE
D0968,FALSE
D2624,FALSE
D1614,FALSE
D2503,FALSE
D2358,FALSE
D1282,FALSE
D0141,FALSE
D1377,FALSE
D2506,FALSE
D1599,FALSE
D2598,FALSE
D1816,FALSE
D1315,FALSE
D0571,FALSE
D2870,FALSE
D1920,FALSE
D0322,FALSE
D2259,FALSE
D1132,FALSE
D1941,FALSE
D2085,FALSE
D0675,FALSE
D2931,FALSE
D2031,FALSE
D0240,FALSE
D0431,FALSE
D0441,FALSE
D0391,FALSE
D1133,FALSE
D2336,FALSE
D1398,FALSE
D2481,FALSE
D2146,FALSE
D0595,FALSE
D2412,FALSE
D0891,FALSE
D2227,FALSE
D1397,FALSE
D1319,FALSE
D2908,FALSE
D1432,FALSE
D1172,FALSE
D0961,FALSE
D0618,FALSE
D2165,FALSE
D0656,FALSE
D2887,FALSE
D2551,FALSE
D2789,FALSE
D2297,FALSE
D1116,FALSE
D0651,FALSE
D2916,FALSE
D0448,FALSE
D1671,FALSE
D2657,FALSE
D2611,FALSE
D2271,FALSE
D2337,FALSE
D2750,FALSE
D2041,FALSE
D2298,FALSE
D1537,FALSE
D0885,FALSE
D2183,FALSE
D0868,FALSE
D2175,FALSE
D2436,FALSE
D0146,FALSE
D0495,FALSE
D0935,FALSE
D2545,FALSE
D1090,FALSE
D2470,FALSE
D0707,FALSE
D2141,FALSE
D0227,FALSE
D0772,FALSE
D2935,FALSE
D0323,FALSE
D1342,FALSE
D0511,FALSE
D1890,FALSE
D1078,FALSE
D0145,FALSE
D0073,FALSE
D1208,FALSE
D2971,FALSE
D0945,FALSE
D1678,FALSE
D0988,FALSE
D1273,FALSE
D1980,FALSE
D0584,FALSE
D1419,FALSE
D2264,FALSE
D2258,FALSE
D1810,FALSE
D2582,FALSE
D1375,FALSE
D0929,FALSE
D2535,FALSE
D1921,FALSE
D2872,FALSE
D0594,FALSE
D0030,FALSE
D2594,FALSE
D1644,FALSE
D1898,FALSE
D2542,FALSE
D0490,FALSE
D2428,FALSE
D1332,FALSE
D2115,FALSE
D1597,FALSE
D0339,FALSE
D2934,FALSE
D0740,FALSE
D1538,FALSE
D0032,FALSE
D2775,FALSE
D2875,FALSE
D1005,FALSE
D1565,FALSE
D2469,FALSE
D1107,FALSE
D0500,FALSE
D1204,FALSE
D1724,FALSE
D0859,FALSE
D0088,FALSE
D2224,FALSE
D1855,FALSE
D1706,FALSE
D0383,FALSE
D0136,FALSE
D2900,FALSE
D0881,FALSE
D0883,FALSE
D2995,FALSE
D1046,FALSE
D0568,FALSE
D0819,FALSE
D2108,FALSE
D1257,FALSE
D2404,FALSE
D0721,FALSE
D1515,FALSE
D1588,FALSE
D0752,FALSE
D0166,FALSE
D0816,FALSE
D1917,FALSE
D0460,FALSE
D2516,FALSE
D2584,FALSE
D0777,FALSE
D0800,FALSE
D1187,FALSE
D2964,FALSE
D2200,FALSE
D2077,FALSE
D2367,FALSE
D2431,FALSE
D0112,FALSE
D2129,FALSE
D2061,FALSE
D0884,FALSE
D2024,FALSE
D2630,FALSE
D0224,FALSE
D0574,FALSE
D1650,FALSE
D1639,FALSE
D0149,FALSE
D2323,FALSE
D1020,FALSE
D1249,FALSE
D1989,FALSE
D2647,FALSE
D0679,FALSE
D2938,FALSE
D0010,FALSE
D2787,FALSE
D1104,FALSE
D1180,FALSE
D2102,FALSE
D1697,FALSE
D2359,FALSE
D0505,FALSE
D2714,FALSE
D1562,FALSE
D0002,FALSE
D1648,FALSE
D1931,FALSE
D2160,FALSE
D1355,FALSE
D1099,FALSE
D0488,FALSE
D1102,FALSE
D1819,FALSE
D0674,FALSE
D0154,FALSE
D1912,FALSE
D2703,FALSE
D1663,FALSE
D1643,FALSE
D2740,FALSE
D1366,FALSE
D0560,FALSE
D2809,FALSE
D1024,FALSE
D2760,FALSE
D1295,FALSE
D2871,FALSE
D0489,FALSE
D1853,FALSE
D2852,FALSE
D1122,FALSE
D1103,FALSE
D2947,FALSE
D2255,FALSE
D0948,FALSE
D1777,FALSE
D0556,FALSE
D0636,FALSE
D2689,FALSE
D2569,FALSE
D0526,FALSE
D2164,FALSE
D0314,FALSE
D2762,FALSE
D0866,FALSE
D1269,FALSE
D2069,FALSE
D0875,FALSE
D0978,FALSE
D0894,FALSE
D2399,FALSE
D0508,FALSE
D2828,FALSE
D0172,FALSE
D1809,FALSE
D1121,FALSE
D1224,FALSE
D0846,FALSE
D0827,FALSE
D1275,FALSE
D0122,FALSE
D1037,FALSE
D1101,FALSE
D0134,FALSE
D1202,FALSE
D0082,FALSE
D1963,FALSE
D1482,FALSE
D0237,FALSE
D2397,FALSE
D2445,FALSE
D2761,FALSE
D0895,FALSE
D1897,FALSE
D2312,FALSE
D2851,FALSE
D2678,FALSE
D1658,FALSE
D0713,FALSE
D1093,FALSE
D1761,FALSE
D0309,FALSE
D2427,FALSE
D1594,FALSE
D0371,FALSE
D0061,FALSE
D0492,FALSE
D0412,FALSE
D0181,FALSE
D1687,FALSE
D1653,FALSE
D2860,FALSE
D1047,FALSE
D2834,FALSE
D0809,FALSE
D0597,FALSE
D2905,FALSE
D0602,FALSE
D1611,FALSE
D2478,FALSE
D0267,FALSE
D2741,FALSE
D2317,FALSE
D1414,FALSE
D2627,FALSE
D2700,FALSE
D0577,FALSE
D0048,FALSE
D2511,FALSE
D2120,FALSE
D1627,FALSE
D2252,FALSE
D0052,FALSE
D2275,FALSE
D1665,FALSE
D2533,FALSE
D0301,FALSE
D1769,FALSE
D0120,FALSE
D2326,FALSE
D0848,FALSE
D1317,FALSE
D2376,FALSE
D1444,FALSE
D2402,FALSE
D1844,FALSE
D1312,FALSE
D1360,FALSE
D1742,FALSE
D1892,FALSE
D0347,FALSE
D0459,FALSE
D2379,FALSE
D0821,FALSE
D0853,FALSE
D0089,FALSE
D0378,FALSE
D1910,FALSE
D1824,FALSE
D0007,FALSE
D1372,FALSE
D2891,FALSE
D2707,FALSE
D2110,FALSE
D1497,FALSE
D2211,FALSE
D2913,FALSE
D1506,FALSE
D0581,FALSE
D2683,FALSE
D0092,FALSE
D2574,FALSE
D0324,FALSE
D1668,FALSE
D0787,FALSE
D0269,FALSE
D2015,FALSE
D1792,FALSE
D2778,FALSE
D1475,FALSE
D0317,FALSE
D1339,FALSE
D1109,FALSE
D1085,FALSE
D1492,FALSE
D2385,FALSE
D2929,FALSE
D1059,FALSE
D0247,FALSE
D2994,FALSE
D1252,FALSE
D2283,FALSE
D0432,FALSE
D1700,FALSE
D2320,FALSE
D2591,FALSE
D1371,FALSE
D1908,FALSE
D2158,FALSE
D1798,FALSE
D1773,FALSE
D2205,FALSE
D1880,FALSE
D1223,FALSE
D0021,FALSE
D2543,FALSE
D0779,FALSE
D1503,FALSE
D1935,FALSE
D1606,FALSE
D2332,FALSE
D0649,FALSE
D0368,FALSE
D0862,FALSE
D1496,FALSE
D1572,FALSE
D0601,FALSE
D1507,FALSE
D2274,FALSE
D0735,FALSE
D2842,FALSE
D0666,FALSE
D2079,FALSE
D2617,FALSE
D2609,FALSE
D0255,FALSE
D0409,FALSE
D0218,FALSE
D2236,FALSE
D2310,FALSE
D2040,FALSE
D1474,FALSE
D1227,FALSE
D2463,FALSE
D1324,FALSE
D1727,FALSE
D1164,FALSE
D0046,FALSE
D2361,FALSE
D2093,FALSE
D2151,FALSE
D1365,FALSE
D1479,FALSE
D0364,FALSE
D1219,FALSE
D1505,FALSE
D0293,FALSE
D2257,FALSE
D0913,FALSE
D1012,FALSE
D2035,FALSE
D0646,FALSE
D0011,FALSE
D1485,FALSE
D2131,FALSE
D2536,FALSE
D0835,FALSE
D0886,FALSE
D2286,FALSE
D1832,FALSE
D2005,FALSE
D1797,FALSE
D1077,FALSE
D0694,FALSE
D2042,FALSE
D2109,FALSE
D2599,FALSE
D2736,FALSE
D2132,FALSE
D2178,FALSE
D1218,FALSE
D2940,FALSE
D2419,FALSE
D0705,FALSE
D0906,FALSE
D2866,FALSE
D0223,FALSE
D0764,FALSE
D2932,FALSE
D0599,FALSE
D2004,FALSE
D2774,FALSE
D1937,FALSE
D0667,FALSE
D2105,FALSE
D2289,FALSE
D1049,FALSE
D0398,FALSE
D0419,FALSE
D1201,FALSE
D0792,FALSE
D1913,FALSE
D0922,FALSE
D1057,FALSE
D1813,FALSE
D1374,FALSE
D0389,FALSE
D1011,FALSE
D0551,FALSE
D2909,FALSE
D2334,FALSE
D0014,FALSE
D2746,FALSE
D2355,FALSE
D0997,FALSE
D0689,FALSE
D1760,FALSE
D1353,FALSE
D1293,FALSE
D2053,FALSE
D1971,FALSE
D0796,FALSE
D2548,FALSE
D2396,FALSE
D1067,FALSE
D2840,FALSE
D1758,FALSE
D1987,FALSE
D0357,FALSE
D1786,FALSE
D0898,FALSE
D2522,FALSE
D1589,FALSE
D2579,FALSE
D2802,FALSE
D0354,FALSE
D2030,FALSE
D1392,FALSE
D2347,FALSE
D1451,FALSE
D2992,FALSE
D2184,FALSE
D0625,FALSE
D0783,FALSE
D2529,FALSE
D1160,FALSE
D1615,FALSE
D2719,FALSE
D1540,FALSE
D2482,FALSE
D1906,FALSE
D0275,FALSE
D0148,FALSE
D0998,FALSE
D0377,FALSE
D2304,FALSE
D1476,FALSE
D2038,FALSE
D0022,FALSE
D1552,FALSE
D1628,FALSE
D0013,FALSE
D0970,FALSE
D2641,FALSE
D1530,FALSE
D1345,FALSE
D0473,FALSE
D2493,FALSE
D2174,FALSE
D1888,FALSE
D1569,FALSE
D0644,FALSE
D1553,FALSE
D1079,FALSE
D0067,FALSE
D2447,FALSE
D1622,FALSE
D0688,FALSE
D0663,FALSE
D1042,FALSE
D1951,FALSE
D2603,FALSE
D1977,FALSE
D1283,FALSE
D0020,FALSE
D2665,FALSE
D0027,FALSE
D0704,FALSE
D1712,FALSE
D0184,FALSE
D1695,FALSE
D0385,FALSE
D0440,FALSE
D0278,FALSE
D0904,FALSE
D2968,FALSE
D2715,FALSE
D0447,FALSE
D1558,FALSE
D2817,FALSE
D0392,FALSE
D0171,FALSE
D2291,FALSE
D0457,FALSE
D2997,FALSE
D2167,FALSE
D2608,FALSE
D0953,FALSE
D2779,FALSE
D1972,FALSE
D0093,FALSE
D0872,FALSE
D2806,FALSE
D2558,FALSE
D0582,FALSE
D2858,FALSE
D2698,FALSE
D1647,FALSE
D1550,FALSE
D1147,FALSE
D2064,FALSE
D2195,FALSE
D1215,FALSE
D0426,FALSE
D2745,FALSE
D1362,FALSE
D0271,FALSE
D0344,FALSE
D0282,FALSE
D1347,FALSE
D1171,FALSE
D1403,FALSE
D0400,FALSE
D1595,FALSE
D0228,FALSE
D0879,FALSE
D0828,FALSE
D0467,FALSE
D1256,FALSE
D1567,FALSE
D1007,FALSE
D2139,FALSE
D1387,FALSE
D0861,FALSE
D1850,FALSE
